Sara Bareilles,The Blessed Unrest,1000 Times,4:30,1,, 
Arkells,High Noon,11:11,3:40,2,, 
Taylor Swift,Red,22,3:50,3,, 
Childish Gambino,Because The Internet,E  3005,3:54,4,, 
Tenacious D,Rize Of The Fenix,E  39 (Explicit Version),5:16,5,, 
Lorde,Pure Heroine,400 Lux,3:54,6,, 
Train,California 37,50 Ways to Say Goodbye,4:07,7,, 
The Joy Formidable,A Balloon Called Moaning,9669,2:48,8,, 
Robert Delong,Long Way Down,Acid Rain,4:39,9,, 
Zedd,True Colors,Addicted To A Memory (feat Bahari),5:03,10,, 
CHVRCHES,Every Open Eye,Afterglow,3:14,11,, 
XYLØ,Afterlife,E  Afterlife,3:28,12,, 
Hoodie Allen,People Keep Talking,All About It (feat. Ed Sheeran),3:25,13,, 
St. Lucia,When The Night,All Eyes on You,4:27,14,, 
Adele,25,All I Ask,4:31,15,, 
The Airborne Toxic Event,All at Once,All I Ever Wanted (feat. The Calder Quartet),4:17,16,, 
Lionel Richie,Tuskegee,All Night Long (feat. Jimmy Buffett),4:57,17,, 
Childish Gambino,Camp,E  All The Shine,5:46,19,, 
Stromae,Alors On Danse,Alors on danse (Radio Edit),3:27,20,, 
Nico & Vinz,Black Star Elephant,Am I Wrong,4:07,21,, 
Elle King,Love Stuff,America's Sweetheart,4:05,22,, 
The 1900s,Return of the Century,Amulet,2:35,23,, 
Macklemore,The Unplanned Mixtape,And We Danced (feat. Ziggy Stardust),4:06,24,, 
Mother Mother,Touch Up,Angry Sea,3:05,25,, 
Queen,Greatest Hits,Another One Bites The Dust,3:35,26,, 
Ellie Goulding,Halcyon Days,Anything Could Happen,4:46,28,, 
Wolfmother,Wolfmother,Apple Tree,3:30,29,, 
Arctic Monkeys,AM,Arabella,3:27,30,, 
Tokyo Police Club,Forcefield,Argentina (Parts I, II, III),8:32,31,, 
Mother Mother,O My Heart,Arms Tonite,3:36,32,, 
Daft Punk,Homework,Around The World,7:09,33,, 
Kongos,Lunatic,As We Are,4:42,34,, 
Mother Mother,Eureka,Aspiring Fires,3:34,35,, 
Big Data,2.0,Automatic (feat. Jenn Wasner),5:14,36,, 
Tenacious D,The Pick Of Destiny,Baby,1:36,37,, 
Mother Mother,Eureka,Baby Don't Dance,3:30,38,, 
Childish Gambino,Camp,E  Backpackers,3:15,40,, 
Taylor Swift,Summer Hits,Bad Blood feat Kendrick Lamar,3:19,41,, 
David Guetta & Showtek,Bad (feat. Vassy) [Radio Edit],Bad (feat. Vassy) [Radio Edit],2:50,42,, 
M.I.A.,Matangi,Bad Girls,3:47,43,, 
Social Distortion,Social Distortion,Ball and Chain,5:43,44,, 
Mother Mother,Touch Up,Ball Cap,3:20,45,, 
Tenacious D,Rize Of The Fenix,E  The Ballad Of Hollywood Jack And The Rage Kage (Explicit Version),5:05,46,, 
Jessie J,Bang Bang,Bang Bang,3:19,47,, 
Tokyo Police Club,Forcefield,Beaches,3:20,48,, 
Cazzette,Eject,Beam Me Up (Radio Edit),3:23,49,, 
Nico Vega,Fury Oh Fury EP,Beast,4:00,50,, 
Lady Gaga,The Fame,Beautiful, Dirty, Rich,2:52,51,, 
Zedd,True Colors,Beautiful Now (feat. Jon Bellion),3:38,52,, 
Infected Mushroom,Vicious Delicious,Becoming Insane,7:20,53,, 
Tenacious D,The Pick Of Destiny,E  Beelzeboss (The Final Showdown),5:35,54,, 
The Barden Bellas,Pitch Perfect Soundtrack,Bellas Finals: Price Tag/Don’t You (Forget About Me)/Give Me Everything/Just The Way You Are/Party In The U.S.A./Turn The Beat Around,3:37,55,, 
The Barden Bellas,Pitch Perfect Soundtrack,Bellas Regionals: The Sign/Eternal Flame/Turn The Beat Around,2:40,56,, 
Atmosphere,To All My Friends, Blood Makes The Blade Holy: the Atmosphere ep's,E  The Best Day,3:36,57,, 
American Authors,Oh, What A Life,Best Day Of My Life,3:14,58,, 
Foo Fighters,Greatest Hits,Best Of You,4:14,59,, 
Daft Punk,Random Access Memories,Beyond,4:50,60,, 
Lindsey Stirling,Shatter Me,Beyond the Veil,4:15,61,, 
Big Data,2.0,Big Dater,4:25,62,, 
Mother Mother,Bit By Bit,Bit By Bit,3:18,63,, 
Mother Mother,The Sticks,Bit By Bit,3:18,64,, 
Rihanna,Bitch Better Have My Money,E  Bitch Better Have My Money,3:39,65,, 
MUTEMATH,Odd Soul,Blood Pressure,3:03,66,, 
P!nk,The Truth About Love,E  Blow Me (One Last Kiss),4:15,67,, 
Robin Thicke,Blurred Lines,Blurred Lines (feat. T.I. & Pharrell),4:23,68,, 
Mother Mother,O My Heart,Body,3:33,69,, 
Mother Mother,O My Heart,Body of Years,4:38,70,, 
Childish Gambino,Camp,E  Bonfire,3:12,71,, 
Shaggy,The Best Of Shaggy,Boombastic,4:10,72,, 
Deorro,Bootie in Your Face (No Rock Drop),Bootie in Your Face (No Rock Drop),3:41,73,, 
Mother Mother,Eureka,Born In A Flash,3:11,74,, 
Dropkick Murphys,Signed And Sealed In Blood,The Boys Are Back,3:19,75,, 
Sara Bareilles,The Blessed Unrest,Brave,3:40,76,, 
Tenacious D,The Pick Of Destiny,E  Break In-City (Storm the Gate),1:22,77,, 
Kelly Clarkson,Breakaway,Breakaway,3:57,78,, 
Ellie Goulding,Burn,Burn,3:51,79,, 
Mother Mother,O My Heart,Burning Pile,4:22,80,, 
CHVRCHES,Every Open Eye,Bury It,3:08,81,, 
Mother Mother,The Sticks,Business Man,3:21,82,, 
Big Data,2.0,The Business of Emotion (feat. White Sea),4:07,83,, 
Jungle,Busy Earnin',Busy Earnin',2:59,84,, 
Lorde,Pure Heroine,Buzzcut Season,4:06,85,, 
Enur,Calabria 2007,Calabria 2007 (Club Mix) (feat. Natasja),6:30,86,, 
Social Distortion,Hard Times And Nursery Rhymes (Deluxe Edition),California (Hustle and Flow),4:59,87,, 
Eric Prydz,Call On Me,Call On Me (Radio Edit),2:49,88,, 
Mother Mother,Eureka,Calm Me Down,4:42,89,, 
Brandon Flowers,The Desired Effect,Can't Deny My Love,3:42,90,, 
The Weeknd,Beauty Behind The Madness,Can't Feel My Face,3:33,91,, 
Macklemore & Ryan Lewis,The Heist,Can't Hold Us (feat. Ray Dalton),4:18,92,, 
Becky G,Can't Stop Dancin',Can't Stop Dancin',3:18,93,, 
Tenacious D,The Pick Of Destiny,E  Car Chase City,2:42,94,, 
twenty one pilots,Vessel,Car Radio,4:27,95,, 
The Airborne Toxic Event,All at Once,Changing,3:20,98,, 
Mother Mother,Eureka,Chasing It Down,4:10,99,, 
RAC,Strangers,Cheap Sunglasses (feat. Matthew Koma),3:35,100,, 
John Newman,Tribute,Cheating,3:42,101,, 
OMI,Cheerleader (Remixes),Cheerleader,2:54,102,, 
Alice Russell,To Dust,Citizens,2:47,103,, 
Zedd,Clarity,Clarity (feat. Foxes),4:31,104,, 
Jidenna feat. Roman GianArthur,Classic Man,E  Classic Man (feat. Roman GianArthur),3:46,105,, 
Jidenna,Wondaland Presents: The Eephus,E  Classic Man (Remix) (feat. Kendrick Lamar),3:55,106,, 
Tenacious D,Rize Of The Fenix,E  Classical Teacher (Explicit Version),3:23,107,, 
Tenacious D,The Pick Of Destiny,E  Classico,0:58,108,, 
Big Data,2.0,Clean (feat. Jamie Lidell),3:21,109,, 
CHVRCHES,Every Open Eye,Clearest Blue,3:53,110,, 
Christian Hansen & the Autistics,Power Leopard,Cocaine Trade,4:03,111,, 
Wolfmother,Wolfmother,Colossal,5:04,112,, 
Metric,Old World Underground, Where Are You Now?,Combat Baby,3:29,113,, 
Save Ferris,It Means Everything,Come on Eileen,4:09,114,, 
Arkells,High Noon,Come To Light,3:33,115,, 
Kongos,Lunatic,Come with Me Now,3:31,116,, 
Steel Panther,Feel The Steel (Explicit Version),E  Community Property,3:38,117,, 
Daft Punk,Random Access Memories,Contact,6:23,118,, 
K.Flay,What If It Is,The Cops,3:32,120,, 
Beautiful Small Machines,The Robots in Love - EP,Counting Back To 1,3:57,121,, 
Ke$ha,Warrior (Deluxe Version),E  Crazy Kids,3:50,122,, 
Queen,Greatest Hits,Crazy Little Thing Called Love,2:43,123,, 
Anna Kendrick,Pitch Perfect Soundtrack,Cups (Movie Version),1:16,126,, 
Electric Six,Absolute Pleasure,Dance Commander,3:01,129,, 
Duke Evers,Handfull of Pennies,Dancer,2:29,130,, 
Galantis,Pharmacy,Dancin' To The Sound Of A Broken Heart,3:38,131,, 
Electric Six,Absolute Pleasure,Danger High Voltage,4:03,132,, 
Electric Six,Danger! High Voltage!,Danger High Voltage ( Soulchild Radio Mix),3:37,133,, 
Big Data,2.0,Dangerous (feat. Joywave),4:40,134,, 
Katy Perry,PRISM (Deluxe),Dark Horse (feat. Juicy J),3:35,135,, 
Seven Lions,Days To Come EP,Days to Come,4:44,136,, 
Meghan Trainor,Title,Dear Future Husband,3:04,137,, 
Childish Gambino,Because The Internet,E  Death By Numbers,0:43,138,, 
Steve Aoki,Delirious (Boneless) (Remixes),Delirious (Boneless) (Reid Stefan Remix) (feat. Kid Ink),4:11,139,, 
Imagine Dragons,Night Visions,Demons,2:55,140,, 
Tenacious D,The Pick Of Destiny,Destiny,0:37,141,, 
Tenacious D,Rize Of The Fenix,E  Deth Starr (Explicit Version),4:44,142,, 
Childish Gambino,Because The Internet,E  Dial up,0:44,143,, 
Ke$ha,Warrior (Deluxe Version),Die Young,3:31,144,, 
Wolfmother,Wolfmother,Dimension,4:21,145,, 
Mother Mother,Touch Up,Dirty Town,2:32,146,, 
Cake,Fashion Nugget,The Distance,2:59,147,, 
Tenacious D,The Pick Of Destiny,The Divide,0:22,148,, 
TV On The Radio,Dear Science,DLZ,3:48,149,, 
Arctic Monkeys,AM,Do I Wanna Know?,4:32,150,, 
The Flaming Lips,Yoshimi Battles The Pink Robots (U.S. Version),Do You Realize??,3:33,151,, 
Pink Floyd,Animals,Dogs,17:05,152,, 
Daft Punk,Random Access Memories,Doin' it Right (feat. Panda Bear),4:11,153,, 
Ed Sheeran,x (Deluxe Edition),Don't,3:39,154,, 
Christian Hansen & the Autistics,Swans,Don't Leave Her Out,3:57,155,, 
Queen,Greatest Hits,Don't Stop Me Now,3:29,156,, 
The Treblemakers,Pitch Perfect Soundtrack,Don't Stop The Music,3:05,157,, 
Seven Lions,Worlds Apart,Don’t Leave (feat. Ellie Goulding),6:02,158,, 
Electric Six,I Shall Exterminate Everything Around Me That Restricts Me From Being The Master,Down At McDonaldz,4:01,159,, 
CHVRCHES,Every Open Eye,Down Side Of Me,5:10,160,, 
Mother Mother,The Sticks,Dread In My Heart,2:31,161,, 
Beyoncé,BEYONCÉ [Platinum Edition],E  Drunk in Love (feat. Jay-Z),5:23,162,, 
Tenacious D,The Pick Of Destiny,E  Dude (I Totally Miss You),2:53,163,, 
Sia,1000 Forms Of Fear,Elastic Heart,4:17,164,, 
MGMT,Oracular Spectacular,Electric Feel,3:49,165,, 
Icona Pop,Emergency,E  Emergency,2:49,166,, 
CHVRCHES,Every Open Eye,Empty Threat,4:04,167,, 
Seven Lions,The Throes Of Winter,The End (feat. HALIENE),4:52,168,, 
Kongos,Lunatic,Escape,4:33,169,, 
The Black Keys,Brothers,Everlasting Light,3:23,170,, 
Foo Fighters,Greatest Hits,Everlong,4:09,171,, 
Lorde,The Hunger Games: Catching Fire (Original Motion Picture Soundtrack),Everybody Wants To Rule The World (From “The Hunger Games: Catching Fire” Soundtrack),2:35,172,, 
Elle King,Ex's & Oh's,Ex's & Oh's,3:21,173,, 
HAIM,Days Are Gone,Falling,4:17,174,, 
RAC,Falling Hard,Falling Hard (feat. Madi Diaz),2:49,175,, 
Iggy Azalea,Fancy,E  Fancy (feat. Charli XCX),3:19,176,, 
Mother Mother,Eureka,Far In Time,3:20,177,, 
Matt Nathanson,Modern Love,Faster,3:28,178,, 
Queen,Greatest Hits,Fat Bottomed Girls,4:15,179,, 
OneRepublic,Native,Feel Again,3:05,180,, 
Tokyo Police Club,Forcefield,Feel the Effect,3:42,181,, 
The Flaming Lips,Yoshimi Battles The Pink Robots (U.S. Version),Fight Test,4:16,182,, 
Christina Aguilera,Stripped,Fighter,4:05,183,, 
Zedd,Find You,Find You (feat. Matthew Koma & Miriam Bryant),3:24,184,, 
Childish Gambino,Camp,E  Fire Fly,3:23,185,, 
Katy Perry,Teenage Dream,Firework,3:47,186,, 
P!nk,Greatest Hits...So Far!!!,E  F**kin' Perfect,3:33,187,, 
Fitz & The Tantrums,More Than Just A Dream,Fools Gold,3:34,190,, 
Galantis,Pharmacy,Forever Tonight,3:38,191,, 
Dr. Dre,2001,E  Forgot About Dre (feat. Eminem),3:42,192,, 
Stromae,Racine Carrée,Formidable,3:33,193,, 
Rihanna,FourFiveSeconds,FourFiveSeconds,3:08,194,, 
Daft Punk,Random Access Memories,Fragments of Time (feat. Todd Edwards),4:39,195,, 
The Rural Alberta Advantage,Hometowns,Frank, AB,3:25,196,, 
Lily Allen,It's Not Me, It's You,E  Fuck You,3:39,197,, 
Pitbull,Globalization (Explicit),Fun (feat. Chris Brown),3:22,198,, 
Daft Punk,Random Access Memories,The Game of Love,5:22,199,, 
Electric Six,Absolute Pleasure,Gay Bar,3:22,200,, 
Flo Rida,MY HOUSE,GDFR (feat. Sage The Gemini & Lookas),3:10,201,, 
Oliver Heldens & Becky Hill,Gecko (Overdrive),Gecko (Overdrive) [Radio Edit],2:45,202,, 
Dillon Francis,Money Sucks, Friends Rule,Get Low,3:32,203,, 
Daft Punk,Random Access Memories,Get Lucky (feat. Pharrell Williams & Nile Rodgers),6:09,204,, 
Big Data,2.0,Get Some Freedom (feat. Dragonette),3:37,205,, 
Mother Mother,Eureka,Getaway,3:39,206,, 
Mother Mother,O My Heart,Ghosting,4:45,207,, 
On An On,Ghosts,Ghosts,5:07,208,, 
Daft Punk,Random Access Memories,Giorgio by Moroder,9:04,209,, 
Alicia Keys,Girl On Fire,Girl On Fire (Inferno Version),4:30,210,, 
Blur,Parklife,Girls and Boys (2012 Remastered Version),4:51,211,, 
Ingrid Michaelson,Lights Out,Girls Chase Boys,3:41,212,, 
Red Hot Chili Peppers,Blood Sugar Sex Magik,E  Give It Away,4:44,213,, 
Daft Punk feat. Nile Rodgers,Random Access Memories,Give Life Back to Music,4:35,214,, 
Demi Lovato,Unbroken,Give Your Heart a Break,3:25,215,, 
Robert DeLong,Just Movement,E  Global Concepts,4:38,216,, 
Lorde,Pure Heroine,Glory And Gore,3:30,217,, 
Big Data,2.0,The Glow (feat. Kimbra),4:24,218,, 
Galantis,Pharmacy,Gold Dust,3:54,219,, 
The Black Keys,El Camino,Gold on the Ceiling,3:44,220,, 
Tokyo Police Club,Forcefield,Gonna Be Ready,2:53,221,, 
Sample Answer,Good Boy EP,Good Boy,2:54,222,, 
Selena Gomez,Revival (Deluxe),Good For You (feat. A$AP Rocky),3:41,223,, 
Tenacious D,The Pick Of Destiny,E  The Government Totally Sucks,1:34,224,, 
Ima Robot,Greenback Boogie - Single,Greenback Boogie,4:57,225,, 
Deee-Lite,World Clique,Groove Is In The Heart,3:51,226,, 
K.Flay,What If It Is,Hail Mary (feat. Danny Brown),4:00,227,, 
Beyoncé,I Am...Sasha Fierce,Halo,4:21,228,, 
Flobots,Fight With Tools (Explicit Version),E  Handlebars,3:26,229,, 
Babes In Toyland,Fontanelle,Handsome & Gretel,1:50,230,, 
Mother Mother,The Sticks,Happy,3:57,231,, 
Robert DeLong,Just Movement,Happy,4:16,232,, 
Pharrell Williams,G I R L,Happy (From Despicable Me 2),3:52,233,, 
TV On The Radio,Happy Idiot,Happy Idiot,3:03,234,, 
Mother Mother,O My Heart,Hayloft,3:01,235,, 
Yeah Yeah Yeahs,Heads Will Roll (A-Trak Remix EP),Heads Will Roll (A-Trak Remix),6:23,236,, 
Childish Gambino,Camp,E  Heartbeat,4:29,237,, 
Kelly Clarkson,Heartbeat Song,Heartbeat Song,3:18,238,, 
Kelly Clarkson,Piece By Piece (Deluxe Version),Heartbeat Song,3:18,239,, 
Twenty One Pilots,Blurryface,Heavydirtysoul,3:54,240,, 
Foster the People,Torches,Helena Beat,4:36,241,, 
The Airborne Toxic Event,Dallas Buyers Club (Music From And Inspired By The Motion Picture),Hell And Back,3:51,242,, 
Adele,25,Hello,4:56,243,, 
Avicii,True,Hey Brother,4:15,244,, 
Kongos,Lunatic,Hey I Don't Know,4:00,245,, 
Train,Save Me, San Francisco,Hey, Soul Sister,3:36,246,, 
Lana Del Rey,Honeymoon,E  High By The Beach,4:17,247,, 
CHVRCHES,Every Open Eye,High Enough To Carry You Over,3:39,248,, 
Youth Lagoon,Savage Hills Ballroom,Highway Patrol Stun Gun,4:10,249,, 
Tenacious D,The Pick Of Destiny,E  History,1:42,250,, 
The Offspring,Greatest Hits,Hit That,2:48,251,, 
Childish Gambino,Camp,E  Hold You Down,4:52,252,, 
Phillip Phillips,The World From The Side Of The Moon (Deluxe Edition),Home,3:30,253,, 
Spirit of the West,Spirituality 1983-2008: The Consummate Compendium,Home For A Rest,4:36,254,, 
mc chris,MC Chris Is Dead,E  Hoodie Ninja,2:59,255,, 
Katy Perry,One Of The Boys,Hot N Cold,3:40,256,, 
Tokyo Police Club,Forcefield,Hot Tonight,3:05,257,, 
Five Finger Death Punch,The Wrong Side Of Heaven And The Righteous Side Of Hell (Volume 2),E  House Of The Rising Sun,4:07,258,, 
The Heavy,The House That Dirt Built,How You Like Me Now,3:37,259,, 
The Black Keys,Brothers,Howlin' For You,3:11,260,, 
The Notorious B.I.G.,Life After Death (Remastered Edition),E  Hypnotize (2014 Remastered Version),3:49,261,, 
Muse,Absolution,Hysteria,3:47,262,, 
Flo Rida,I Don't Like It, I Love It (feat. Robin Thicke & Verdine White),I Don't Like It, I Love It (feat. Robin Thicke & Verdine White),3:44,263,, 
Childish Gambino,Because The Internet,E  I. Flight Of The Navigator,5:44,264,, 
The Black Keys,Attack  Release,I Got Mine,3:59,265,, 
Katy Perry,One Of The Boys,I Kissed a Girl,2:59,266,, 
Taylor Swift,Red,I Knew You Were Trouble.,3:37,267,, 
Icona Pop,I Love It,E  I Love It (feat. Charli XCX),2:35,268,, 
Adele,25,I Miss You,5:48,269,, 
Childish Gambino,Because The Internet,E  I. Pink Toes (feat. Jhene Aiko),3:27,270,, 
Childish Gambino,Because The Internet,E  I. The Party,1:31,271,, 
Childish Gambino,Because The Internet,E  I. The Worst Guys (feat. Chance The Rapper),3:39,272,, 
Elle King,Love Stuff,I Told You I Was Mean,4:30,273,, 
Arctic Monkeys,AM,I Wanna Be Yours,3:03,274,, 
Kongos,Lunatic,I Want to Know,3:55,275,, 
Zedd,True Colors,I Want You To Know (feat. Selena Gomez),4:00,276,, 
Social Distortion,White Light White Heat White Trash,I Was Wrong,3:57,277,, 
Cake,Fashion Nugget,I Will Survive,5:10,278,, 
Childish Gambino,Because The Internet,E  I.Crawl,3:29,279,, 
Electric Six,Bitch, Don't Let Me Die!,If U R Who U Say U R,3:43,280,, 
Childish Gambino,Because The Internet,E  II. Earth: The Oldest Computer (The Last Night) (feat. Azealia Banks),4:42,281,, 
Childish Gambino,Because The Internet,E  II. No Exit,2:51,282,, 
Childish Gambino,Because The Internet,E  II. Shadows,3:51,283,, 
Childish Gambino,Because The Internet,E  II. Worldstar,4:04,284,, 
Childish Gambino,Because The Internet,E  II. Zealots Of Stockholm [Free Information],4:50,285,, 
Childish Gambino,Because The Internet,E  III. Life: The Biggest Troll [Andrew Auernheimer],5:42,286,, 
Childish Gambino,Because The Internet,E  III. Telegraph Ave. (Oakland by Lloyd),3:30,287,, 
Childish Gambino,Because The Internet,E  III. Urn,1:13,288,, 
AronChupa,I'm an Albatraoz,E  I'm an Albatraoz,2:46,289,, 
Spose,I'm Awesome (Explicit Version),E  I'm Awesome,4:09,290,, 
Tegan And Sara,Heartthrob,I'm Not Your Hero,3:51,291,, 
Kongos,Lunatic,E  I'm Only Joking,3:44,292,, 
Dropkick Murphys,The Warrior's Code,I'm Shipping Up To Boston,2:33,293,, 
The Rural Alberta Advantage,Hometowns,In The Summertime,2:36,294,, 
Jai Wolf,Indian Summer,Indian Summer,4:08,295,, 
Mother Mother,The Sticks,Infinitesimal,2:56,296,, 
Daft Punk,Random Access Memories,Instant Crush (feat. Julian Casablancas),5:37,297,, 
Hands Like Houses,Unimagine,Introduced Species,4:04,298,, 
Macklemore & Ryan Lewis,Irish Celebration,E  Irish Celebration,4:42,299,, 
Lemaitre,Relativity 3,Iron Pyrite,3:39,300,, 
Weezer,Weezer (Green Album),Island In The Sun,3:20,301,, 
Kongos,Lunatic,E  It's a Good Life,3:59,302,, 
Dropkick Murphys,The Meanest of Times,Johnny, I Hardly Knew Ya,3:54,303,, 
Wolfmother,Wolfmother,Joker & the Thief,4:40,304,, 
Klingande,Jubel (Remixes),Jubel (Original Mix),4:43,305,, 
House Of Pain,House Of Pain,E  Jump Around,3:34,306,, 
Tenacious D,The Pick Of Destiny,E  Kickapoo,4:14,310,, 
Childish Gambino,Camp,E  Kids,4:57,311,, 
MGMT,Oracular Spectacular,Kids,5:02,312,, 
Kongos,Lunatic,Kids These Days,3:56,313,, 
Queen,Greatest Hits,Killer Queen,3:00,314,, 
Shawn Lee's Ping Pong Orchestra,Voices and Choices,Kiss the Sky,3:39,315,, 
Muse,Black Holes And Revelations,Knights of Cydonia,6:07,316,, 
Elle King,Love Stuff,Last Damn Night,4:02,317,, 
Katy Perry,Teenage Dream,Last Friday Night (T.G.I.F.),3:50,318,, 
Mother Mother,The Sticks,Latter Days,3:30,319,, 
Bastille,All This Bad Blood,Laura Palmer,3:06,320,, 
Major Lazer,Peace Is The Mission,Lean On (feat. MØ & DJ Snake),2:56,321,, 
Foo Fighters,Greatest Hits,Learn to Fly,3:54,322,, 
Arkells,High Noon,E  Leather Jacket,3:56,323,, 
CHVRCHES,Every Open Eye,Leave A Trace,3:57,324,, 
Mother Mother,Touch Up,Legs Away,3:53,325,, 
Childish Gambino,Camp,E  LES,5:17,326,, 
Tame Impala,Currents,E  The Less I Know The Better,3:36,327,, 
RAC,Strangers,Let Go (feat. Kele & MNDR),4:40,328,, 
The Treblemakers,Pitch Perfect Soundtrack,Let It Whip,2:21,329,, 
Sheppard,Bombs Away,Let Me Down Easy,3:47,330,, 
Mother Mother,The Sticks,Let's Fall In Love,3:08,331,, 
Childish Gambino,Camp,E  Letter Home,1:44,332,, 
Childish Gambino,Because The Internet,E  The Library (Intro),0:04,333,, 
Duke Evers,Handfull of Pennies,Lions,3:41,334,, 
Meghan Trainor,Title,Lips Are Movin,3:01,335,, 
The Black Keys,El Camino,Little Black Submarines,4:11,336,, 
Mother Mother,Touch Up,Little Hands,2:27,337,, 
Mother Mother,The Sticks,Little Pistol,4:28,338,, 
Of Monsters And Men,My Head Is An Animal,Little Talks,4:26,339,, 
R. City,Locked Away,Locked Away (feat. Adam Levine),3:47,340,, 
Robert Delong,Long Way Down,E  Long Way Down,3:54,343,, 
The James Hunter Six,Minute By Minute,Look Out,3:36,344,, 
Daft Punk,Random Access Memories,Lose Yourself to Dance (feat. Pharrell Williams),5:53,345,, 
Mother Mother,Touch Up,Love and Truth,3:35,346,, 
Capital Cities,In A Tidal Wave Of Mystery (Deluxe Edition),Love Away,3:42,347,, 
Adele,25,Love in the Dark,4:45,348,, 
Mother Mother,The Sticks,Love It Dissipates,2:59,349,, 
Ellie Goulding,Fifty Shades Of Grey (Original Motion Picture Soundtrack),Love Me Like You Do (From Fifty Shades Of Grey),4:10,350,, 
Taylor Swift,Fearless Platinum Edition,Love Story,3:55,351,, 
Wolfmother,Wolfmother,Love Train,3:01,352,, 
Cake,Comfort Eagle,Love You Madly,3:57,353,, 
Tenacious D,Rize Of The Fenix,E  Low Hangin' Fruit (Explicit Version),2:31,354,, 
Muse,The 2nd Law,Madness,4:39,355,, 
Skrillex & Damian Jr Gong Marley,Make It Bun Dem After Hours Ep,Make It Bun Dem,3:33,356,, 
CHVRCHES,Every Open Eye,Make Them Gold,3:51,357,, 
Lou Bega,A Little Bit Of Mambo,Mambo No. 5 (A Little Bit of...),3:40,358,, 
Aloe Blacc,Lift Your Spirit,The Man,4:14,359,, 
Maroon 5,Maps,Maps,3:09,360,, 
Tenacious D,The Pick Of Destiny,E  Master Exploder,2:24,361,, 
Lindsey Stirling,Shatter Me,Master of Tides,4:21,362,, 
Taylor Swift,Speak Now,Mean,3:57,363,, 
Tenacious D,The Pick Of Destiny,The Metal,2:45,364,, 
twenty one pilots,Vessel,Migraine,3:59,365,, 
Mother Mother,O My Heart,Miles,3:15,366,, 
Adele,25,Million Years Ago,3:47,367,, 
Wolfmother,Wolfmother,Mind's Eye,4:54,368,, 
Tokyo Police Club,Forcefield,Miserable,2:46,369,, 
Atlas Genius,Inanimate Objects,Molecules,4:32,370,, 
Fitz and The Tantrums,Pickin' Up The Pieces,Moneygrabber,3:09,371,, 
Mother Mother,Monkey Tree (UK Mix),Monkey Tree (UK Mix),3:22,372,, 
Daft Punk,Random Access Memories,Motherboard,5:41,373,, 
Foo Fighters,Greatest Hits,My Hero,4:18,374,, 
Flo Rida,My House,My House,3:12,375,, 
Elle King,The Elle King EP,My Neck, My Back (Live),2:40,376,, 
First Aid Kit,Stay Gold,My Silver Lining,3:35,377,, 
Fetty Wap,My Way (feat. Monty),My Way (feat. Monty),3:32,378,, 
Tokyo Police Club,A Lesson In Crime,Nature Of The Experiment,2:01,379,, 
Mother Mother,Touch Up,Neighbour,4:39,380,, 
Meg Mac,Never Be,Never Be,4:13,381,, 
CHVRCHES,Every Open Eye,Never Ending Circles,3:06,382,, 
Cake,Prolonging The Magic,Never There,2:44,383,, 
The Black Keys,Brothers,Next Girl,3:18,384,, 
Nicki Minaj,The Pinkprint (Deluxe),E  The Night Is Still Young,3:47,385,, 
Avicii,The Days / Nights (EP),The Nights,2:56,386,, 
Blackstreet,Another Level,No Diggity (feat. Dr. Dre & Queen Pen),5:04,387,, 
The Evolved,No Place for No Hero (From Borderlands 2),No Place for No Hero (From Borderlands 2) (Killstreak Rock Mix),4:00,388,, 
Mother Mother,O My Heart,O My Heart,3:31,389,, 
Mother Mother,Touch Up,Oh Ana,3:17,390,, 
Arkells,Jackson Square,E  Oh, The Boss is Coming,3:40,391,, 
Mother Mother,Eureka,Oleander,3:20,392,, 
Mother Mother,The Sticks,Omen,1:06,393,, 
Katy Perry,Teenage Dream: The Complete Confection,The One That Got Away,3:47,394,, 
Mother Mother,Eureka,Original Spin,3:32,395,, 
Taylor Swift,Taylor Swift,Our Song,3:21,396,, 
Fitz & The Tantrums,More Than Just A Dream,Out Of My League,3:29,397,, 
Childish Gambino,Camp,E  Outside,4:30,398,, 
On An On,Give In [Deluxe Edition],Panic,4:00,399,, 
Tenacious D,The Pick Of Destiny,E  Papagenu (He's My Sassafrass),2:24,400,, 
Stromae,Racine Carrée,papaoutai (Bonus track) (feat. Angel Haze),3:51,401,, 
The Barden Bellas,Pitch Perfect Soundtrack,Party In The U.S.A.,1:03,402,, 
Galantis,Peanut Butter Jelly,Peanut Butter Jelly,3:23,403,, 
Big Data,2.0,Perfect Holiday (feat. Twin Shadow),3:55,404,, 
Sorcha Richardson,Petrol Station,Petrol Station,5:22,405,, 
The Rapture,Pieces Of The People We Love,Pieces Of The People We Love,3:43,406,, 
Pink Floyd,Animals,Pigs on the Wing 1,1:24,407,, 
Pink Floyd,Animals,Pigs on the Wing 2,1:26,408,, 
Pink Floyd,Animals,Pigs (Three Different Ones),11:25,409,, 
Duke Evers,Handfull of Pennies,Pixies,3:37,411,, 
Childish Gambino,Because The Internet,E  Playing Around Before The Party Starts,0:54,412,, 
CHVRCHES,Every Open Eye,Playing Dead,3:35,413,, 
Elle King,The Elle King EP,Playing For Keeps,3:37,414,, 
Natasha Bedingfield,Pocketful Of Sunshine,Pocketful of Sunshine,3:22,415,, 
Tenacious D,The Pick Of Destiny,E  POD,2:32,416,, 
Mother Mother,Touch Up,Polynesia,2:19,417,, 
The Barden Bellas,Pitch Perfect Soundtrack,Pool Mashup: Just The Way You Are/Just A Dream,1:38,418,, 
Ariana Grande,Yours Truly,Popular Song,3:20,419,, 
Lilly Wood and The Prick,Invincible Friends (bonus edition),Prayer In C,3:10,420,, 
Foo Fighters,Greatest Hits,The Pretender,4:27,421,, 
Jessie J,Who You Are (Platinum Edition),E  Price Tag (feat. B.o.B),3:42,422,, 
Mother Mother,Eureka,Problems,3:27,423,, 
Christian Hansen & the Autistics,Power Leopard,Pump It,3:52,424,, 
Wolfmother,Wolfmother,Pyramid,4:27,425,, 
Brand New,Deja Entendu,The Quiet Things That No One Ever Knows,4:01,426,, 
Arctic Monkeys,AM,R U Mine?,3:21,427,, 
Pentatonix,Radioactive,Radioactive,3:48,428,, 
Hyper Crush,Rage,E  Rage,3:38,429,, 
Trooper,Thick As Thieves (International Version),Raise A Little Hell,3:42,430,, 
P!nk,Greatest Hits...So Far!!!,E  Raise Your Glass,3:23,431,, 
Clean Bandit,New Eyes,Rather Be (feat. Jess Glynne),3:47,432,, 
K.Flay,What If It Is,Rawks,3:52,433,, 
Clean Bandit & Jess Glynne,Real Love (Remixes),Real Love (Extended),4:59,434,, 
Taylor Swift,Red,Red,3:40,435,, 
Tongues.,Religion,Religion,4:13,436,, 
Adele,25,Remedy,4:05,437,, 
X Ambassadors,VHS,Renegades,3:15,438,, 
James Blake,Overgrown,Retrograde,3:43,439,, 
Lorde,Pure Heroine,Ribs,4:18,440,, 
Twenty One Pilots,Blurryface,Ride,3:34,441,, 
The Barden Bellas,Pitch Perfect Soundtrack,Riff Off: Mickey/Like A Virgin/Hit Me With Your Best Shot/S&M/Let’s Talk About Sex/I’ll Make Love To You/Feels Like The First Time/No Diggity,3:43,442,, 
Elephant Revival,Elephant Revival,Ring Around the Moon,4:22,445,, 
Social Distortion,Social Distortion,Ring of Fire,3:50,446,, 
Adele,25,River Lea,3:45,447,, 
Tenacious D,Rize Of The Fenix,E  Rize Of The Fenix,5:53,448,, 
Tenacious D,Rize Of The Fenix,E  Roadie (Explicit Version),2:58,449,, 
Katy Perry,PRISM (Deluxe),Roar,3:43,450,, 
Katy Perry,Roar,Roar,3:42,451,, 
Tenacious D,Rize Of The Fenix,Rock Is Dead,1:43,452,, 
Dropkick Murphys,Signed And Sealed In Blood,Rose Tattoo,5:06,453,, 
The Chainsmokers,Roses,Roses (feat. ROZES),3:46,454,, 
Lindsey Stirling,Shatter Me,Roundtable Rival,3:23,455,, 
Lorde,Pure Heroine,Royals,3:10,456,, 
Galantis,Runaway (U & I),Runaway (U & I),3:47,457,, 
The Rural Alberta Advantage,Hometowns,Rush Apart,1:54,458,, 
Capital Cities,In A Tidal Wave Of Mystery (Deluxe Edition),Safe And Sound,3:12,459,, 
Macklemore & Ryan Lewis,The Heist,Same Love (feat. Mary Lambert),5:20,460,, 
Selena Gomez,Revival (Deluxe),Same Old Love,3:49,461,, 
Sublime,Sublime,E  Santeria,3:03,462,, 
Big & Rich,Horse of a Different Color,Save A Horse (Ride A Cowboy),3:20,463,, 
Duke Evers,Handfull of Pennies,Seaside,3:55,464,, 
Rusted Root,When I Woke,Send Me On My Way,4:23,465,, 
Adele,25,Send My Love (To Your New Lover),3:43,466,, 
Tenacious D,Rize Of The Fenix,E  Señorita (Explicit Version),3:08,467,, 
Dillon Francis,Money Sucks, Friends Rule,Set Me Free,4:07,468,, 
Kongos,Lunatic,E  Sex on the Radio,3:56,469,, 
Florence + The Machine,Ceremonials,Shake It Out,4:37,470,, 
Lindsey Stirling,Shatter Me,Shatter Me Featuring Lzzy Hale,4:40,471,, 
The Flaming Lips,Transmissions From The Satellite Heart,She Don't Use Jelly,3:42,472,, 
Pink Floyd,Animals,Sheep,10:19,473,, 
Cake,Prolonging The Magic,E  Sheep Go To Heaven,3:48,474,, 
5 Seconds Of Summer,She's Kinda Hot,She's Kinda Hot,3:38,475,, 
Bag Raiders,Bag Raiders,Shooting Stars,3:55,476,, 
Cake,Comfort Eagle,Short Skirt / Long Jacket,3:24,477,, 
Becky G,Shower,Shower,3:26,478,, 
WALK THE MOON,Talking Is Hard,Shut Up and Dance,3:19,479,, 
Social Distortion,Social Distortion,Sick Boys,3:18,480,, 
Big Data,2.0,Sick For Me (feat. Bear Hands),3:39,481,, 
Mother Mother,Eureka,Simply Simple,3:32,482,, 
Ester Dean,Pitch Perfect Soundtrack,Since U Been Gone,2:26,483,, 
Kelly Clarkson,Breakaway,Since U Been Gone,3:08,484,, 
Elephant Revival,Elephant Revival,Sing to the Mountain,3:44,485,, 
Beyoncé,I AM...SASHA FIERCE,Single Ladies (Put a Ring on It),3:13,486,, 
ONYX,Bacdafucup,E  Slam,3:38,487,, 
Mother Mother,O My Heart,Sleep Awake,5:47,488,, 
Mother Mother,Bit By Bit,Slip Away,3:38,489,, 
Arctic Monkeys,AM,Snap Out Of It,3:13,490,, 
Big Data,2.0,Snowed In (feat. Rivers Cuomo),3:35,491,, 
Queen,Greatest Hits,Somebody To Love,4:55,492,, 
Adele,21,Someone Like You,4:45,493,, 
Foo Fighters,Sonic Highways,Something From Nothing,4:48,494,, 
Two Door Cinema Club & Rac,Arsenio Manila, Volume I,Something Good Can Work (Rac Remix),3:27,495,, 
The Airborne Toxic Event,The Airborne Toxic Event,Sometime Around Midnight,5:03,496,, 
Gorillaz,Gorillaz,Sound Check (Gravity),4:42,497,, 
Zedd,Clarity,Spectrum (feat. Matthew Koma),4:03,498,, 
MUTEMATH,Armistice,Spotlight,3:21,499,, 
MUTEMATH,MUTEMATH,Stall Out,7:06,500,, 
Mother Mother,Eureka,The Stand,2:56,501,, 
Muse,Black Holes And Revelations,Starlight,4:03,502,, 
Nicki Minaj,Pink Friday... Roman Reloaded,E  Starships,3:30,503,, 
Dropkick Murphys,The Meanest of Times,The State Of Massachusetts,3:52,504,, 
Zedd,Clarity (Deluxe),Stay The Night (Featuring Hayley Williams Of Paramore),3:37,505,, 
Zedd,Stay The Night (featuring Hayley Williams of Paramore),Stay The Night (featuring Hayley Williams of Paramore),3:37,506,, 
Ben Harper,Burn To Shine,Steal My Kisses,4:05,507,, 
Mother Mother,The Sticks,The Sticks,4:02,508,, 
Lorde,Pure Heroine,Still Sane,3:08,509,, 
Brandon Flowers,The Desired Effect,Still Want You,3:11,510,, 
Milky Chance,Sadnecessary,Stolen Dance,5:13,511,, 
The Airborne Toxic Event,Such Hot Blood,The Storm,4:02,512,, 
Social Distortion,Social Distortion,Story of My Life,5:46,513,, 
Seven Lions,Worlds Apart,Strangers (feat. Tove Lo),3:24,514,, 
Twenty One Pilots,Blurryface,Stressed Out,3:22,515,, 
Kelly Clarkson,Stronger,Stronger (What Doesn't Kill You),3:41,516,, 
Calvin Harris,Summer,Summer,3:44,517,, 
Childish Gambino,Camp,E  Sunrise,3:39,518,, 
Atmosphere,Sad Clown Bad Summer Number 9,Sunshine,3:36,519,, 
Muse,Black Holes And Revelations,Supermassive Black Hole,3:32,520,, 
Cash Cash,Surrender,Surrender,3:28,521,, 
Destiny's Child,Survivor,Survivor,4:14,522,, 
Babes In Toyland,Nemesisters,Sweet '69,4:04,523,, 
Adele,25,Sweetest Devotion,4:11,524,, 
Kongos,Lunatic,Take Me Back,4:45,525,, 
Hozier,Hozier,Take Me to Church,4:01,526,, 
Wolfmother,Wolfmother,Tales,3:38,527,, 
Lorde,Pure Heroine,Team,3:13,528,, 
Katy Perry,Teenage Dream,Teenage Dream,3:47,529,, 
Lorde,Pure Heroine,Tennis Court,3:18,530,, 
The Rural Alberta Advantage,Mended With Gold,Terrified,3:03,531,, 
Childish Gambino,Camp,E  That Power,7:42,532,, 
Bastille,All This Bad Blood,These Streets,2:55,533,, 
Tenacious D,Rize Of The Fenix,E  They Fucked Our Asses (Explicit Version),1:07,534,, 
Katy Perry,PRISM (Deluxe),This Is How We Do,3:24,535,, 
Kongos,Lunatic,This Time I Won't Forget,5:45,536,, 
Vanessa Carlton,Be Not Nobody,A Thousand Miles,3:57,537,, 
Macklemore & Ryan Lewis,The Heist,E  Thrift Shop (feat. Wanz),3:55,538,, 
Tokyo Police Club,Forcefield,Through the Wire,2:53,539,, 
Tenacious D,Rize Of The Fenix,E  Throw Down (Explicit Version),2:56,540,, 
Mother Mother,Touch Up,Tic Toc,1:31,541,, 
The Black Keys,Brothers,Tighten Up,3:31,542,, 
Ke$ha,Animal,TiK ToK,3:19,543,, 
Pitbull,Timber,Timber (feat. Ke$ha),3:24,544,, 
Pitbull,Globalization (Explicit),Time of Our Lives,3:49,545,, 
The Airborne Toxic Event,Timeless,Timeless,4:41,546,, 
Foo Fighters,Greatest Hits,Times Like These,4:27,547,, 
David Guetta,Nothing But The Beat,Titanium (feat. Sia),4:05,548,, 
Tenacious D,Rize Of The Fenix,To Be The Best,1:00,549,, 
Twin Shadow,Eclipse,To The Top,3:16,550,, 
Mother Mother,The Sticks,To the Wild,3:51,551,, 
Christophe Beck,Pitch Perfect Soundtrack,Toner (Instrumental Suite),2:59,552,, 
Hands Like Houses,Punk Goes 90s (Vol. 2),Torn,3:45,553,, 
The Rural Alberta Advantage,Departing,Tornado '87,3:48,554,, 
Daft Punk,Random Access Memories,Touch (feat. Paul Williams),8:18,555,, 
Mother Mother,Touch Up,Touch Up,3:54,556,, 
Tokyo Police Club,Forcefield,Toy Guns,3:11,557,, 
Mother Mother,Touch Up,Train of Thought,2:41,558,, 
Kongos,Lunatic,Traveling On,4:31,559,, 
Bruno Mars,Unorthodox Jukebox,Treasure,2:56,560,, 
The Treblemakers,Pitch Perfect Soundtrack,Trebles Finals: Bright Lights Bigger City/Magic,2:34,561,, 
TV On The Radio,Seeds,Trouble,4:34,562,, 
Mother Mother,O My Heart,Try to Change,4:01,563,, 
Atmosphere,Seven's Travels,E  Trying To Find A Balance,4:17,564,, 
Tokyo Police Club,Forcefield,Tunnel Vision,3:02,565,, 
Sub Focus,Torus,Turn It Around (feat. Kele),3:14,566,, 
MUTEMATH,MUTEMATH,Typical,4:12,567,, 
MC Hammer,Please Hammer Don't Hurt 'Em,U Can't Touch This,4:17,568,, 
Queen,Hot Space (Deluxe Remastered Version),Under Pressure,4:08,569,, 
Elle King,Love Stuff,Under the Influence,3:17,570,, 
Muse,The Resistance,Undisclosed Desires,3:56,571,, 
Muse,The Resistance,Uprising,5:04,573,, 
Mark Ronson,Uptown Special,Uptown Funk (feat. Bruno Mars),4:29,574,, 
Wolfmother,Wolfmother,Vagabond,3:50,575,, 
Mother Mother,Touch Up,Verbatim,2:48,576,, 
The Limousines,Get Sharp,Very Busy People,4:06,577,, 
Smokey Brights,Viejo,Viejo,3:05,578,, 
Mother Mother,The Sticks,Waiting For the World to End,4:23,579,, 
Avicii,Wake Me Up,Wake Me Up,4:09,580,, 
Foo Fighters,Wasting Light,Walk,4:15,581,, 
Cake,Prolonging The Magic,E  Walk On By,3:46,582,, 
Fitz & The Tantrums,More Than Just A Dream,The Walker,3:53,583,, 
The Flaming Lips,At War With The Mystics (U.S. Version),E  The W.A.N.D.,3:42,584,, 
Jason Derulo,Everything Is 4,Want To Want Me,3:27,585,, 
Cher Lloyd,Sticks & Stones,Want U Back,3:34,586,, 
CAKE,B-Sides And Rarities,War Pigs,3:54,587,, 
Hands Like Houses,Ground Dweller,Watchmaker (feat. Matty Mullins),4:01,588,, 
Adele,25,Water Under the Bridge,4:00,589,, 
Taylor Swift,Red,We Are Never Ever Getting Back Together,3:11,590,, 
Wyclef Jean,Greatest Hits,We Trying to Stay Alive (feat. John Forté & Pras),3:11,593,, 
Jaymes Young and Phoebe Ryan,We Won't,We Won't,4:03,594,, 
Bastille,All This Bad Blood,What Would You Do,3:03,595,, 
Cro,Raop +5,Whatever (+1),3:11,596,, 
Sugar Ray,Sugar Ray,When It's Over (David Kahne Main Album Version),3:37,597,, 
Adele,25,When We Were Young,4:50,598,, 
Dillon Francis,Money Sucks, Friends Rule,When We Were Young (feat. The Chain Gang of 1974),3:19,599,, 
Jack Ü,Skrillex and Diplo present Jack Ü,Where Are Ü Now (with Justin Bieber),4:10,600,, 
Wolfmother,Wolfmother,Where Eagles Have Been,5:33,601,, 
Elle King,Love Stuff,Where The Devil Don't Go,3:01,602,, 
Arkells,Michigan Left,Whistleblower,3:14,603,, 
Lorde,Pure Heroine,White Teeth Teens,3:36,604,, 
Wolfmother,Wolfmother,White Unicorn,5:04,605,, 
Macklemore & Ryan Lewis,The Heist,E  White Walls (feat. ScHoolboy Q, Hollis),3:40,606,, 
Arctic Monkeys,AM,Why'd You Only Call Me When You're High?,2:41,607,, 
Katy Perry,Teenage Dream: The Complete Confection,Wide Awake,3:40,608,, 
TV On The Radio,Nine Types Of Light,Will Do,3:44,609,, 
Little Mix,DNA,Wings,3:39,610,, 
Mother Mother,O My Heart,Wisdom,3:27,612,, 
The Airborne Toxic Event,The Airborne Toxic Event (Deluxe Edition),E  Wishing Well,3:57,613,, 
Wolfmother,Wolfmother,Witchcraft,3:25,614,, 
Daft Punk,Random Access Memories,Within,3:48,615,, 
TV On The Radio,Return To Cookie Mountain,Wolf Like Me,4:39,616,, 
Wolfmother,Wolfmother,Woman,2:56,617,, 
Hozier,Hozier,Work Song,3:49,618,, 
Lorde,Pure Heroine,A World Alone,4:54,619,, 
Seven Lions,Worlds Apart,Worlds Apart (feat. Kerli),6:16,622,, 
Miley Cyrus,Wrecking Ball,Wrecking Ball,3:43,623,, 
Mother Mother,O My Heart,Wrecking Ball,3:14,624,, 
The Airborne Toxic Event,Wrong,Wrong,4:15,625,, 
Five Finger Death Punch,The Wrong Side Of Heaven And The Righteous Side Of Hell (Volume 1),E  Wrong Side Of Heaven,4:30,626,, 
Lorde,Yellow Flicker Beat (From The Hunger Games: Mockingjay Part 1),Yellow Flicker Beat,3:52,627,, 
Atmosphere,When Life Gives You Lemons, You Paint That Shit Gold,Yesterday,3:23,628,, 
The Flaming Lips,Yoshimi Battles The Pink Robots (U.S. Version),Yoshimi Battles the Pink Robots, Part 1,4:47,629,, 
DJ Snake, AlunaGeorge,You Know You Like It,You Know You Like It,4:07,630,, 
Childish Gambino,Camp,E  You See Me,3:15,631,, 
Tokyo Police Club,Elephant Shell,Your English Is Good,3:11,632,, 
Ke$ha,Animal,Your Love Is My Drug,3:07,633,, 
ScHoolboy Q,Oxymoron (Deluxe),E  Gangsta,3:51,634,, 
Atmosphere,To All My Friends, Blood Makes The Blade Holy: the Atmosphere ep's,Freefallin',4:09,635,, 
DNCE,SWAAY,Cake By The Ocean,3:38,636,, 
Vance Joy,Dream Your Life Away (Special Edition),Riptide,3:24,637,, 
Who Is Fancy,Goodbye,Goodbye,3:26,638,, 
Daya,Daya,Hide Away,3:12,639,, 
Imagine Dragons,Smoke + Mirrors,I Bet My Life,3:12,640,, 
Rixton,Let The Road,Me And My Broken Heart,3:13,641,, 
Vampire Weekend,Vampire Weekend,A-Punk,2:17,642,, 
regina spektor,Begin to Hope,Fidelity,3:47,643,, 
Chairlift,Does You Inspire You,Bruises,4:01,644,, 
Broken Bells,Broken Bells,The Ghost Inside,3:18,645,, 
Empire Of The Sun,Walking On A Dream,Walking On A Dream,3:18,646,, 
The Fratellis,Costello Music (US Version),Chelsea Dagger,3:35,647,, 
Stromae,The Hunger Games: Mockingjay Pt. 1 (Original Motion Picture Soundtrack),Meltdown (feat. Lorde, Pusha T, Q-Tip & HAIM),4:02,648,, 
Stromae,Racine Carrée,tous les mêmes,3:30,649,, 
Stromae,Cheese (International Deluxe Edition),House'llelujah,3:59,650,, 
Stromae,Racine Carrée,sommeil,3:38,651,, 
Stromae,Racine Carrée,Formidable,3:33,652,, 
Mis-Teeq,Mis-Teeq,Scandalous (U.S. Radio Edit),3:58,653,, 
Fatal Error,Conglomerate,Fatal Error,3:08,654,, 
Stromae,Racine Carrée,Papaoutai,3:52,655,, 
Stromae,Cheese (International Deluxe Edition),Cheese,3:02,656,, 
Stromae,Racine Carrée,ave cesaria,4:09,657,, 
DJ Mam's,Fiesta Buena,Mes rêves (feat. Samia & Doukali),3:23,658,, 
Maître Gims,Subliminal - La face cachée,One Shot (feat. Dry),3:26,659,, 
DJ Assad,Li Tourner 2013 (Radio Edit) [feat. Alain Ramanisum & Willy William],Li Tourner (Radio Edit) [feat. Alain Ramanisum & Willy William],3:38,660,, 
Swedish House Mafia,One (Your Name) [feat. Pharrell],One (Your Name) [feat. Pharrell],5:51,661,, 
The Cure,Wish,Friday I'm In Love,3:34,662,, 
A$AP Rocky,AT.LONG.LAST.A$AP,E  L$D,3:58,663,, 
Sufjan Stevens,Sufjan Stevens Invites You To: Come On Feel the Illinoise,Chicago,6:04,664,, 
Nathaniel Rateliff & The Night Sweats,Nathaniel Rateliff & The Night Sweats,S.O.B.,4:07,665,, 
Twenty One Pilots,Blurryface,The Judge,4:57,666,, 
Twenty One Pilots,Blurryface,Heavydirtysoul,3:54,667,, 
Atlas Genius,When It Was Now,Trojans,3:37,668,, 
Lowell,We Loved Her Dearly,The Bells,4:18,669,, 
King Charles,LoveBlood,Lady Percy,3:19,670,, 
Karen O,I Shall Rise (From Rise of the Tomb Raider),I Shall Rise (From Rise of the Tomb Raider),3:04,671,, 
Kung Fu,Tüm Bu Başlangıçlar,Artık Benle Oynama,4:37,672,, 
Fetty Wap,Fetty Wap,E  Again,5:12,673,, 
Ty Dolla $ign,Saved (feat. E-40),E  Saved (feat. E-40),2:58,674,, 
Christian Hansen & the Autistics,Power Leopard,How I'm Livin' (feat. The Joe),4:11,675,, 
Christian Hansen & the Autistics,Power Leopard,Calypso Hippo,2:42,676,, 
Christian Hansen & the Autistics,Power Leopard,Someone I Can Love,3:53,677,, 
The Joe,Ut Oh,OK (feat. X-lacks and Mitchmatic),4:07,678,, 
The Joe,Ut Oh,Canadiana,3:33,679,, 
2 Face Idibia,Face 2 Face 10.0,Hold On,4:02,680,, 
Transviolet,Transviolet,New Bohemia,3:39,681,, 
Beck,Dreams,E  Dreams,5:14,682,, 
A$AP Rocky,LONG.LIVE.A$AP (Deluxe Version),E  F**kin' Problems (feat. Drake, 2 Chainz & Kendrick Lamar),3:53,683,, 
A$AP Rocky,LONG.LIVE.A$AP (Deluxe Version),E  Wild for the Night (feat. Skrillex & Birdy Nam Nam),3:32,684,, 
A$AP Rocky,AT.LONG.LAST.A$AP,E  Everyday (feat. Rod Stewart, Miguel & Mark Ronson),4:20,685,, 
The Cure,Kiss Me, Kiss Me, Kiss Me,Just Like Heaven,3:32,686,, 
The Cure,Wish,Friday I'm In Love,3:34,687,, 
The Cure,Disintegration,Pictures Of You,7:28,688,, 
Disclosure,Settle,Latch (feat. Sam Smith),4:15,689,, 
Disclosure,Caracal (Deluxe),Omen (feat. Sam Smith),3:50,690,, 
Disclosure,Caracal (Deluxe),Magnets (feat. Lorde),3:19,691,, 
Disclosure,Caracal (Deluxe),Holding On (feat. Gregory Porter),5:15,692,, 
Disclosure,Settle,White Noise (feat. AlunaGeorge),4:37,693,, 
Alabama Shakes,Sound & Color,Don't Wanna Fight,3:52,694,, 
Alabama Shakes,Boys & Girls,Hold On,3:46,695,, 
Gnarls Barkley,St. Elsewhere,Crazy,3:02,696,, 
John Newman,Love Me Again,Love Me Again,3:59,697,, 
Zella Day,Kicker,Hypnotic,2:56,698,, 
The Raconteurs,Broken Boy Soldiers,Steady as She Goes,3:35,699,, 
Arctic Monkeys,Favourite Worst Nightmare,Fluorescent Adolescent,2:53,700,, 
LCD Soundsystem,Sound Of Silver,North American Scum,5:28,701,, 
The White Stripes,Under Great White Northern Lights,Fell In Love With A Girl [Live],2:26,702,, 
Arcade Fire,Reflektor,Reflektor,7:33,703,, 
Arcade Fire,Funeral,Wake Up,5:35,704,, 
Arcade Fire,The Suburbs,Sprawl II (Mountains Beyond Mountains),5:25,705,, 
Arcade Fire,The Suburbs,The Suburbs,5:15,706,, 
Arcade Fire,The Suburbs,Ready to Start,4:15,707,, 
Anya Marina,Whatever You Like [Digital 45],Whatever You Like (Single Version),3:48,708,, 
Panic Is Perfect,Cellspace,Go Go Go,3:01,709,, 
The Old Ceremony,Tender Age,Tender Age,3:47,710,, 
Blackpool Astronomy,Brazen Blackout,Brazen Blackout,7:50,711,, 
Blackpool Astronomy,Gold Is the Color,Gold Is the Color,3:41,712,, 
Nathaniel Rateliff & The Night Sweats,Nathaniel Rateliff & The Night Sweats,S.O.B.,4:07,713,, 
OutKast,Speakerboxxx/The Love Below,Hey Ya (Radio Mix / Club Mix),3:55,714,, 
